date,actual,prediction
2016-10-20,3318.6,3318.6
2016-10-21,3327.74,3318.6
2016-10-24,3367.58,3323.17
2016-10-25,3367.45,3337.9733333333334
2016-10-26,3354.8,3345.3424999999997
2016-10-27,3345.7,3347.2339999999995
2016-10-28,3340.13,3346.978333333333
2016-10-31,3336.28,3346.0
2016-11-01,3359.05,3344.785
2016-11-02,3333.35,3346.37
2016-11-03,3365.08,3345.068
2016-11-04,3354.17,3349.7159999999994
2016-11-07,3356.59,3352.3589999999995
2016-11-08,3371.12,3351.2600000000007
2016-11-09,3353.05,3351.6269999999995
2016-11-10,3390.61,3351.4519999999998
2016-11-11,3417.22,3355.9429999999993
2016-11-14,3430.25,3363.6520000000005
2016-11-15,3429.87,3373.049
2016-11-16,3429.59,3380.1310000000003
2016-11-17,3436.53,3389.7549999999997
2016-11-18,3417.46,3396.9
2016-11-21,3441.11,3403.2290000000003
2016-11-22,3468.36,3411.6809999999996
2016-11-23,3474.73,3421.405
2016-11-24,3488.74,3433.5730000000003
2016-11-25,3521.3,3443.386
2016-11-28,3535.08,3453.7940000000003
2016-11-29,3564.04,3464.2769999999996
2016-11-30,3538.0,3477.6940000000004
2016-12-01,3565.04,3488.535
2016-12-02,3528.95,3501.386
2016-12-05,3469.41,3512.535
2016-12-06,3459.15,3515.3650000000002
2016-12-07,3475.75,3514.4439999999995
2016-12-08,3470.14,3514.546
2016-12-09,3493.7,3512.686
2016-12-12,3409.18,3509.9259999999995
2016-12-13,3405.04,3497.3359999999993
2016-12-14,3378.95,3481.436
2016-12-15,3340.43,3465.531
2016-12-16,3346.03,3443.0699999999997
2016-12-19,3328.98,3424.778
2016-12-20,3309.06,3410.7349999999997
2016-12-21,3338.54,3395.726
2016-12-22,3335.67,3382.0049999999997
2016-12-23,3307.6,3368.558
2016-12-26,3322.4,3349.9479999999994
2016-12-27,3316.39,3341.2699999999995
2016-12-28,3301.89,3332.405
2016-12-29,3297.76,3324.6989999999996
2016-12-30,3310.08,3320.432
2017-01-03,3342.23,3316.8370000000004
2017-01-04,3368.31,3318.1620000000003
2017-01-05,3367.79,3324.0869999999995
2017-01-06,3347.67,3327.012
2017-01-09,3363.9,3328.2120000000004
2017-01-10,3358.27,3333.8419999999996
2017-01-11,3334.5,3337.429
2017-01-12,3317.62,3339.2399999999993
2017-01-13,3319.91,3340.8130000000006
2017-01-16,3319.45,3343.028
2017-01-17,3326.36,3343.965
2017-01-18,3339.37,3342.3779999999997
2017-01-19,3329.29,3339.4840000000004
2017-01-20,3354.89,3335.6339999999996
2017-01-23,3364.08,3336.3560000000007
2017-01-24,3364.45,3336.374
2017-01-25,3375.9,3336.9919999999997
2017-01-26,3387.96,3341.132
2017-02-03,3364.49,3348.166
2017-02-06,3373.21,3352.624
2017-02-07,3365.68,3358.0
2017-02-08,3383.29,3361.932
2017-02-09,3396.29,3366.3239999999996
2017-02-10,3413.49,3373.024
2017-02-13,3436.27,3378.8839999999996
2017-02-14,3435.8,3386.102999999999
2017-02-15,3421.71,3393.2380000000003
2017-02-16,3440.93,3397.8190000000004
2017-02-17,3421.44,3403.1159999999995
2017-02-20,3471.39,3408.811
2017-02-21,3482.82,3418.629
2017-02-22,3489.76,3430.343
2017-02-23,3473.32,3440.9900000000002
2017-02-24,3473.85,3448.693
2017-02-27,3446.22,3454.7290000000003
2017-02-28,3452.81,3455.7239999999997
2017-03-01,3458.44,3457.425
2017-03-02,3435.1,3461.0980000000004
2017-03-03,3427.86,3460.5150000000003
2017-03-06,3446.48,3461.157
2017-03-07,3453.96,3458.666
2017-03-08,3448.73,3455.78
2017-03-09,3426.94,3451.6770000000006
2017-03-10,3427.89,3447.0389999999998
2017-03-13,3458.1,3442.443
2017-03-14,3456.69,3443.631
2017-03-15,3463.64,3444.0190000000002
2017-03-16,3481.51,3444.5389999999998
2017-03-17,3445.81,3449.1800000000003
2017-03-20,3449.61,3450.975
2017-03-21,3466.35,3451.2879999999996
2017-03-22,3450.05,3452.5269999999996
2017-03-23,3461.98,3452.6589999999997
2017-03-24,3489.6,3456.1629999999996
2017-03-27,3478.04,3462.334
2017-03-28,3469.81,3464.328
2017-03-29,3465.19,3465.6400000000003
2017-03-30,3436.76,3465.7949999999996
2017-03-31,3456.05,3461.3199999999997
2017-04-05,3503.89,3462.344
2017-04-06,3514.05,3467.772
2017-04-07,3517.46,3472.5420000000004
2017-04-10,3505.14,3479.2830000000004
2017-04-11,3517.33,3483.5989999999997
2017-04-12,3509.44,3486.3720000000003
2017-04-13,3514.57,3489.512
2017-04-14,3486.5,3493.9880000000003
2017-04-17,3479.94,3496.119
2017-04-18,3462.74,3500.4370000000004
2017-04-19,3445.88,3501.1059999999998
2017-04-20,3461.55,3495.3049999999994
2017-04-21,3466.79,3490.0550000000003
2017-04-24,3431.26,3484.988
2017-04-25,3440.97,3477.6
2017-04-26,3445.18,3469.964
2017-04-27,3446.72,3463.5379999999996
2017-04-28,3439.75,3456.7529999999997
2017-05-02,3426.58,3452.078
2017-05-03,3413.13,3446.7419999999997
2017-05-04,3404.39,3441.781
2017-05-05,3382.55,3437.632
2017-05-08,3358.81,3429.732
2017-05-09,3352.53,3418.9339999999997
2017-05-10,3337.7,3411.061
2017-05-11,3356.65,3400.7339999999995
2017-05-12,3385.38,3391.881
2017-05-15,3399.19,3385.7470000000003
2017-05-16,3428.65,3381.6910000000003
2017-05-17,3409.97,3381.8979999999997
2017-05-18,3398.11,3381.582
2017-05-19,3403.85,3380.954
2017-05-22,3411.24,3383.084
2017-05-23,3424.19,3388.3269999999998
2017-05-24,3424.17,3395.493
2017-05-25,3485.66,3404.1400000000003
2017-05-26,3480.43,3417.041
2017-05-31,3492.88,3426.546
2017-06-01,3497.74,3435.915
2017-06-02,3486.51,3442.8240000000005
2017-06-05,3468.75,3450.478
2017-06-06,3492.88,3457.542
2017-06-07,3533.87,3466.4449999999997
2017-06-08,3560.98,3478.708
2017-06-09,3576.17,3492.387
2017-06-12,3574.39,3507.5870000000004
2017-06-13,3582.27,3516.46
2017-06-14,3535.3,3526.6439999999993
2017-06-15,3528.79,3530.886
2017-06-16,3518.76,3533.9909999999995
2017-06-19,3553.67,3537.2160000000003
2017-06-20,3546.49,3545.708
2017-06-21,3587.96,3551.0689999999995
2017-06-22,3590.34,3556.478
2017-06-23,3622.88,3559.4139999999998
2017-06-26,3668.09,3564.085
2017-06-27,3674.72,3573.4550000000004
2017-06-28,3646.17,3582.7
2017-06-29,3668.83,3593.7870000000003
2017-06-30,3666.8,3607.791
2017-07-03,3650.85,3622.5950000000003
2017-07-04,3619.98,3632.3129999999996
2017-07-05,3659.68,3639.6620000000003
2017-07-06,3660.1,3646.8340000000003
2017-07-07,3655.93,3653.81
2017-07-10,3653.69,3657.1150000000002
2017-07-11,3670.81,3655.675
2017-07-12,3658.82,3655.2839999999997
2017-07-13,3686.92,3656.549
2017-07-14,3703.09,3658.3579999999993
2017-07-17,3663.56,3661.9869999999996
2017-07-18,3667.18,3663.2580000000003
2017-07-19,3729.75,3667.978
2017-07-20,3747.88,3674.9849999999997
2017-07-21,3728.6,3683.763
2017-07-24,3743.47,3691.0299999999997
2017-07-25,3719.56,3700.0080000000003
2017-07-26,3705.39,3704.8829999999994
2017-07-27,3712.19,3709.54
2017-07-28,3721.89,3712.067
2017-07-31,3737.87,3713.947
2017-08-01,3770.38,3721.3780000000006
2017-08-02,3760.85,3731.6979999999994
2017-08-03,3727.83,3734.8079999999995
2017-08-04,3707.58,3732.803
2017-08-07,3726.79,3730.701
2017-08-08,3732.21,3729.0330000000004
2017-08-09,3731.04,3730.298
2017-08-10,3715.92,3732.863
2017-08-11,3647.35,3733.236
2017-08-14,3694.68,3725.782
2017-08-15,3706.06,3721.4629999999997
2017-08-16,3701.42,3715.031
2017-08-17,3721.28,3709.0879999999997
2017-08-18,3724.67,3708.4329999999995
2017-08-21,3740.99,3710.142
2017-08-22,3752.3,3711.5619999999994
2017-08-23,3756.09,3713.571
2017-08-24,3734.65,3716.076000000001
2017-08-25,3795.75,3717.9489999999996
2017-08-28,3842.71,3732.7889999999998
2017-08-29,3834.54,3747.5919999999996
2017-08-30,3834.3,3760.44
2017-08-31,3822.09,3773.7280000000005
2017-09-01,3830.54,3783.8089999999997
2017-09-04,3845.62,3794.3959999999997
2017-09-05,3857.05,3804.8590000000004
2017-09-06,3849.45,3815.3340000000003
2017-09-07,3829.87,3824.6699999999996
2017-09-08,3825.99,3834.192
2017-09-11,3825.65,3837.2159999999994
2017-09-12,3837.93,3835.5099999999998
2017-09-13,3842.61,3835.8489999999997
2017-09-14,3829.96,3836.6799999999994
2017-09-15,3831.3,3837.4669999999996
2017-09-18,3843.14,3837.543
2017-09-19,3832.12,3837.2950000000005
2017-09-20,3842.44,3834.8020000000006
2017-09-21,3837.82,3834.101
2017-09-22,3837.73,3834.8959999999997
2017-09-25,3817.79,3836.0700000000006
2017-09-26,3820.78,3835.2840000000006
2017-09-27,3821.2,3833.5690000000004
2017-09-28,3822.54,3831.428
2017-09-29,3836.5,3830.686
2017-10-09,3882.21,3831.2059999999997
2017-10-10,3889.86,3835.113
2017-10-11,3902.69,3840.887
2017-10-12,3912.95,3846.9120000000003
2017-10-13,3921.0,3854.425
2017-10-16,3913.45,3862.7519999999995
2017-10-17,3913.07,3872.3179999999993
2017-10-18,3944.16,3881.547
2017-10-19,3931.25,3893.8430000000008
2017-10-20,3926.85,3904.714
2017-10-23,3930.8,3913.749
2017-10-24,3959.4,3918.608
2017-10-25,3976.95,3925.5620000000004
2017-10-26,3993.58,3932.988
2017-10-27,4021.97,3941.0510000000004
2017-10-30,4009.72,3951.148
2017-10-31,4006.72,3960.775
2017-11-01,3996.62,3970.1400000000003
2017-11-02,3997.13,3975.386
2017-11-03,3992.7,3981.9739999999997
2017-11-06,4020.89,3988.5589999999997
2017-11-07,4054.25,3997.5679999999993
2017-11-08,4048.01,4007.053
2017-11-09,4075.9,4014.1590000000006
2017-11-10,4111.91,4022.3910000000005
2017-11-13,4128.07,4031.3850000000007
2017-11-14,4099.35,4043.2200000000003
2017-11-15,4073.67,4052.4829999999993
2017-11-16,4105.01,4060.1879999999996
2017-11-17,4120.85,4070.976
2017-11-20,4143.83,4083.7909999999997
2017-11-21,4217.7,4096.085
2017-11-22,4227.57,4112.429999999999
2017-11-23,4102.4,4130.3859999999995
2017-11-24,4104.2,4133.036
2017-11-27,4049.95,4132.265
2017-11-28,4055.82,4124.4529999999995
2017-11-29,4053.75,4120.099999999999
2017-11-30,4006.1,4118.107999999999
2017-12-01,3998.14,4108.217
2017-12-04,4018.86,4095.946
2017-12-05,4040.17,4083.4489999999996
2017-12-06,4015.82,4065.696
2017-12-07,3971.06,4044.5209999999997
2017-12-08,4003.38,4031.3869999999997
2017-12-11,4069.5,4021.3049999999994
2017-12-12,4016.02,4023.2599999999998
2017-12-13,4050.09,4019.2799999999997
2017-12-14,4026.15,4018.9139999999998
2017-12-15,3980.86,4020.9190000000003
2017-12-18,3985.29,4019.1910000000003
2017-12-19,4035.33,4015.8340000000003
2017-12-20,4030.49,4015.35
2017-12-21,4067.85,4016.817
2017-12-22,4054.6,4026.496
2017-12-25,4041.54,4031.618
2017-12-26,4053.62,4028.822
2017-12-27,3991.21,4032.582
2017-12-28,4018.9,4026.6940000000004
2017-12-29,4030.85,4025.969
2018-01-02,4087.4,4030.968
2018-01-03,4111.39,4041.179
2018-01-04,4128.81,4048.785
2018-01-05,4138.75,4058.6169999999997
2018-01-08,4160.16,4065.707
2018-01-09,4189.3,4076.2630000000004
2018-01-10,4207.81,4091.0389999999998
2018-01-11,4205.59,4106.4580000000005
2018-01-12,4225.0,4127.895999999999
2018-01-15,4225.24,4148.505999999999
2018-01-16,4258.47,4167.945000000001
2018-01-17,4248.12,4185.052
2018-01-18,4271.42,4198.725
2018-01-19,4285.4,4212.986
2018-01-22,4336.6,4227.651
2018-01-23,4382.61,4245.295
2018-01-24,4389.89,4264.626
2018-01-25,4365.08,4282.834
2018-01-26,4381.3,4298.783
2018-01-29,4302.02,4314.4130000000005
2018-01-30,4256.1,4322.091
2018-01-31,4275.9,4321.854
2018-02-01,4245.9,4324.632
2018-02-02,4271.23,4322.08
2018-02-05,4274.15,4320.6630000000005
2018-02-06,4148.89,4314.418
2018-02-07,4050.5,4291.046
2018-02-08,4012.05,4257.107
2018-02-09,3840.65,4221.804
2018-02-12,3890.1,4167.739
2018-02-13,3935.63,4126.5470000000005
2018-02-14,3966.96,4094.5
2018-02-22,4052.73,4063.6059999999998
2018-02-23,4071.09,4044.2889999999998
2018-02-26,4118.42,4024.275
2018-02-27,4058.98,4008.702
2018-02-28,4023.64,3999.7110000000002
2018-03-01,4049.09,3997.025
2018-03-02,4016.46,4000.7289999999994
2018-03-05,4018.1,4018.31
2018-03-06,4066.56,4031.1099999999997
2018-03-07,4036.65,4044.203
2018-03-08,4077.6,4051.172
2018-03-09,4108.87,4053.6589999999997
2018-03-12,4127.67,4057.4370000000004
2018-03-13,4091.25,4058.362
2018-03-14,4073.34,4061.589
2018-03-15,4096.16,4066.5589999999997
2018-03-16,4056.42,4071.2660000000005
2018-03-19,4074.25,4075.2619999999997
2018-03-20,4077.7,4080.8769999999995
2018-03-21,4061.05,4081.9909999999995
2018-03-22,4020.35,4084.4309999999996
2018-03-23,3904.94,4078.7059999999997
2018-03-26,3879.89,4058.3129999999996
2018-03-27,3913.27,4033.535
2018-03-28,3842.72,4015.7369999999996
2018-03-29,3894.05,3992.675
2018-03-30,3898.5,3972.464000000001
2018-04-02,3886.92,3956.672
2018-04-03,3862.48,3937.939
2018-04-04,3854.86,3916.4170000000004
2018-04-09,3852.93,3895.7980000000002
2018-04-10,3927.17,3879.0559999999996
2018-04-11,3938.34,3881.279
2018-04-12,3898.64,3887.1240000000007
2018-04-13,3871.14,3885.661
2018-04-16,3808.86,3888.5029999999997
2018-04-17,3748.64,3879.9840000000004
2018-04-18,3766.28,3864.9979999999996
2018-04-19,3811.84,3852.9339999999997
2018-04-20,3760.85,3847.87
2018-04-23,3766.33,3838.4689999999996
2018-04-24,3843.49,3829.809
2018-04-25,3828.7,3821.441
2018-04-26,3755.49,3810.477
2018-04-27,3756.88,3796.1619999999994
2018-05-02,3763.65,3784.7359999999994
2018-05-03,3793.0,3780.215
2018-05-04,3774.6,3784.6510000000003
2018-05-07,3834.19,3785.483
2018-05-08,3878.68,3787.718
2018-05-09,3871.62,3799.501
2018-05-10,3893.06,3810.03
2018-05-11,3872.84,3814.987
2018-05-14,3909.29,3819.4009999999994
2018-05-15,3924.1,3834.7810000000004
2018-05-16,3892.84,3851.5029999999997
2018-05-17,3864.05,3864.422
2018-05-18,3903.06,3871.5270000000005
2018-05-21,3921.24,3884.3729999999996
2018-05-22,3906.21,3893.077999999999
2018-05-23,3854.58,3895.8309999999997
2018-05-24,3827.22,3894.1269999999995
2018-05-25,3816.5,3887.543
2018-05-28,3833.26,3881.9089999999997
2018-05-29,3804.01,3874.3060000000005
2018-05-30,3723.37,3862.297
2018-05-31,3802.38,3845.350000000001
2018-06-01,3770.59,3839.183
2018-06-04,3807.58,3825.936
2018-06-05,3845.32,3814.5699999999997
2018-06-06,3837.35,3808.4809999999998
2018-06-07,3831.01,3806.7580000000003
2018-06-08,3779.62,3807.137
2018-06-11,3779.98,3803.4490000000005
2018-06-12,3825.95,3798.1210000000005
2018-06-13,3788.34,3800.315
2018-06-14,3773.37,3806.8119999999994
2018-06-15,3753.43,3803.911000000001
2018-06-19,3621.12,3802.1950000000006
2018-06-20,3635.44,3783.549
2018-06-21,3592.97,3762.5610000000006
2018-06-22,3608.9,3738.1230000000005
2018-06-25,3560.48,3715.9120000000003
2018-06-26,3531.11,3693.9980000000005
2018-06-27,3459.26,3669.111
2018-06-28,3423.53,3632.442
2018-06-29,3510.98,3595.9610000000002
2018-07-02,3407.96,3569.722
2018-07-03,3409.28,3535.175
2018-07-04,3363.75,3513.9910000000004
2018-07-05,3342.44,3486.822
2018-07-06,3365.12,3461.7690000000002
2018-07-09,3459.18,3437.3910000000005
2018-07-10,3467.52,3427.261
2018-07-11,3407.53,3420.9019999999996
2018-07-12,3481.06,3415.7290000000003
2018-07-13,3492.69,3421.482
2018-07-16,3472.09,3419.653
2018-07-17,3449.38,3426.0660000000003
2018-07-18,3431.32,3430.076
2018-07-19,3428.34,3436.833
2018-07-20,3492.89,3445.423
2018-07-23,3525.75,3458.2000000000007
2018-07-24,3581.71,3464.857
2018-07-25,3577.75,3476.2760000000003
2018-07-26,3536.25,3493.298
2018-07-27,3521.23,3498.817
2018-07-30,3515.08,3501.671
2018-07-31,3517.66,3505.97
2018-08-01,3447.39,3512.798
2018-08-02,3370.96,3514.405
2018-08-03,3315.28,3508.667
2018-08-06,3273.27,3490.906
2018-08-07,3368.87,3465.6579999999994
2018-08-08,3314.51,3444.374
2018-08-09,3397.53,3418.05
2018-08-10,3405.02,3404.178
2018-08-13,3390.34,3392.557
2018-08-14,3372.91,3380.083
2018-08-15,3291.98,3365.608
2018-08-16,3276.73,3350.067
2018-08-17,3229.62,3340.6440000000002
2018-08-20,3267.25,3332.078
2018-08-21,3326.65,3331.4759999999997
2018-08-22,3307.95,3327.254
2018-08-23,3320.03,3326.5979999999995
2018-08-24,3325.33,3318.8480000000004
2018-08-27,3406.57,3310.879
2018-08-28,3400.17,3312.5019999999995
2018-08-29,3386.57,3315.228
2018-08-30,3351.09,3324.6869999999994
2018-08-31,3334.5,3332.1229999999996
2018-09-03,3321.82,3342.611
2018-09-04,3363.9,3348.068
2018-09-05,3298.14,3351.793
2018-09-06,3262.88,3350.8120000000004
2018-09-07,3277.64,3345.097
2018-09-10,3230.07,3340.3280000000004
2018-09-11,3224.21,3322.678
2018-09-12,3202.02,3305.082
2018-09-13,3236.57,3286.6269999999995
2018-09-14,3242.09,3275.175
2018-09-17,3204.92,3265.934
2018-09-18,3269.43,3254.244
2018-09-19,3312.48,3244.797
2018-09-20,3310.13,3246.231
2018-09-21,3410.49,3250.9559999999997
2018-09-25,3379.8,3264.2410000000004
2018-09-26,3417.24,3279.214
2018-09-27,3403.59,3298.517
2018-09-28,3438.86,3318.6740000000004
2018-10-08,3290.9,3338.903
2018-10-09,3288.69,3343.7840000000006
2018-10-10,3281.6,3352.161
2018-10-11,3124.11,3353.3779999999997
2018-10-12,3170.73,3334.5409999999997
2018-10-15,3126.45,3320.601
2018-10-16,3100.97,3292.197
2018-10-17,3118.25,3264.3140000000003
2018-10-18,3044.39,3234.415
2018-10-19,3134.95,3198.495
2018-10-22,3270.27,3168.104
2018-10-23,3183.43,3166.041
2018-10-24,3188.2,3155.515
2018-10-25,3194.31,3146.175
2018-10-26,3173.64,3153.1950000000006
2018-10-29,3076.89,3153.486
2018-10-30,3110.26,3148.5299999999997
2018-10-31,3153.82,3149.459
2018-11-01,3177.03,3153.0160000000005
2018-11-02,3290.25,3166.2799999999997
2018-11-05,3262.84,3181.81
2018-11-06,3243.15,3181.067
2018-11-07,3221.91,3187.039
2018-11-08,3212.77,3190.4100000000003
2018-11-09,3167.44,3192.2560000000003
2018-11-12,3205.14,3191.636
2018-11-13,3237.38,3204.461
2018-11-14,3204.94,3217.173
2018-11-15,3242.37,3222.285
2018-11-16,3257.67,3228.8189999999995
2018-11-19,3294.6,3225.561
2018-11-20,3218.41,3228.7369999999996
2018-11-21,3226.49,3226.263
2018-11-22,3214.43,3226.721
2018-11-23,3143.48,3226.8869999999997
2018-11-26,3141.24,3224.491
2018-11-27,3137.24,3218.101
2018-11-28,3178.93,3208.0869999999995
2018-11-29,3137.65,3205.486
2018-11-30,3172.69,3195.014
2018-12-03,3260.95,3186.516
2018-12-04,3267.71,3183.151
2018-12-05,3252.0,3188.081
2018-12-06,3181.67,3190.632
2018-12-07,3181.56,3187.3559999999998
2018-12-10,3144.76,3191.1639999999998
2018-12-11,3159.82,3191.5160000000005
2018-12-12,3170.61,3193.774
2018-12-13,3219.69,3192.942
2018-12-14,3165.91,3201.1459999999997
2018-12-17,3161.2,3200.468
2018-12-18,3128.43,3190.493
2018-12-19,3091.13,3176.565
2018-12-20,3067.42,3160.478
2018-12-21,3029.4,3149.053
2018-12-24,3038.2,3133.8370000000004
2018-12-25,3017.28,3123.181
2018-12-26,3002.03,3108.927
2018-12-27,2990.51,3092.069
2018-12-28,3010.65,3069.1509999999994
2019-01-02,2969.54,3053.625
2019-01-03,2964.84,3034.4590000000003
2019-01-04,3035.87,3018.1000000000004
2019-01-07,3054.3,3012.5739999999996
2019-01-08,3047.7,3011.2619999999997
2019-01-09,3078.48,3013.092
2019-01-10,3072.69,3017.12
2019-01-11,3094.78,3022.661
2019-01-14,3067.78,3031.9359999999997
2019-01-15,3127.99,3039.6629999999996
2019-01-16,3128.65,3051.397
2019-01-17,3111.42,3067.308
2019-01-18,3168.17,3081.9660000000003
2019-01-21,3185.64,3095.196
2019-01-22,3143.32,3108.3300000000004
2019-01-23,3141.05,3117.892
2019-01-24,3158.78,3124.1490000000003
2019-01-25,3184.47,3132.758
2019-01-28,3183.78,3141.727
2019-01-29,3193.97,3153.327
2019-01-30,3168.48,3159.925
2019-01-31,3201.63,3163.908
2019-02-01,3247.4,3172.929
2019-02-11,3306.47,3180.8520000000003
2019-02-12,3330.34,3192.9350000000004
2019-02-13,3397.03,3211.6369999999997
2019-02-14,3402.14,3237.2349999999997
2019-02-15,3338.7,3261.571
2019-02-18,3445.74,3276.994
2019-02-19,3439.61,3303.19
2019-02-20,3451.93,3327.754
2019-02-21,3442.71,3356.0989999999997
2019-02-22,3520.12,3380.207
2019-02-25,3729.48,3407.4790000000003
2019-02-26,3684.69,3449.78
2019-02-27,3678.39,3485.215
2019-02-28,3669.37,3513.351
2019-03-01,3749.71,3540.0739999999996
2019-03-04,3794.1,3581.175
2019-03-05,3816.01,3616.011
2019-03-06,3848.09,3653.6510000000003
2019-03-07,3808.85,3693.267
2019-03-08,3657.58,3729.8810000000003
2019-03-11,3729.95,3743.6270000000004
2019-03-12,3755.35,3743.674
2019-03-13,3724.19,3750.7399999999993
2019-03-14,3698.49,3755.3200000000006
2019-03-15,3745.01,3758.232
2019-03-18,3851.75,3757.762
2019-03-19,3833.96,3763.5270000000005
2019-03-20,3835.44,3765.322
2019-03-21,3836.89,3764.057
2019-03-22,3833.8,3766.861
2019-03-25,3742.83,3784.483
2019-03-26,3700.44,3785.7710000000006
2019-03-27,3743.39,3780.28
2019-03-28,3728.4,3782.2
2019-03-29,3872.34,3785.1910000000003
2019-04-01,3973.93,3797.9240000000004
2019-04-02,3971.29,3810.1420000000007
2019-04-03,4022.16,3823.875
2019-04-04,4062.23,3842.547
2019-04-08,4057.23,3865.0810000000006
2019-04-09,4075.43,3887.4240000000004
2019-04-10,4085.85,3920.684
2019-04-11,3997.58,3959.225
2019-04-12,3988.62,3984.6440000000002
2019-04-15,3975.52,4010.666
2019-04-16,4085.79,4020.9839999999995
2019-04-17,4087.24,4032.1699999999996
2019-04-18,4072.08,4043.7649999999994
2019-04-19,4120.61,4048.757
2019-04-22,4025.61,4054.595
2019-04-23,4019.01,4051.433
2019-04-24,4030.09,4045.7909999999997
2019-04-25,3941.82,4040.2149999999992
2019-04-26,3889.27,4034.638999999999
2019-04-29,3900.33,4024.7039999999993
2019-04-30,3913.21,4017.185
2019-05-06,3684.62,3999.9269999999997
2019-05-07,3720.67,3959.665
2019-05-08,3667.46,3924.524
2019-05-09,3599.7,3879.209
2019-05-10,3730.45,3836.618
2019-05-13,3668.73,3807.7619999999997
2019-05-14,3645.15,3771.626
2019-05-15,3727.09,3741.9590000000003
2019-05-16,3743.96,3725.7410000000004
2019-05-17,3648.76,3710.1040000000003
2019-05-20,3617.79,3683.6590000000006
2019-05-21,3666.78,3676.976
2019-05-22,3649.38,3671.5869999999995
2019-05-23,3583.96,3669.7789999999995
2019-05-24,3593.91,3668.2049999999995
2019-05-27,3637.2,3654.5509999999995
2019-05-28,3672.26,3651.3979999999997
2019-05-29,3663.91,3654.1089999999995
2019-05-30,3641.18,3647.791
2019-05-31,3629.79,3637.513
2019-06-03,3632.01,3635.6159999999995
2019-06-04,3598.47,3637.0379999999996
2019-06-05,3597.11,3630.207
2019-06-06,3564.68,3624.9800000000005
2019-06-10,3610.74,3623.0519999999997
2019-06-11,3719.28,3624.7349999999997
2019-06-12,3691.1,3632.943
2019-06-13,3685.39,3634.8269999999998
2019-06-14,3654.88,3636.975
2019-06-17,3654.82,3638.345
2019-06-18,3667.62,3640.8480000000004
2019-06-19,3715.94,3644.4090000000006
2019-06-20,3828.52,3656.1560000000004
2019-06-21,3833.94,3679.297
2019-06-24,3841.27,3706.2230000000004
2019-06-25,3801.31,3729.2760000000003
2019-06-26,3794.33,3737.4789999999994
2019-06-27,3834.82,3747.8020000000006
2019-06-28,3825.59,3762.7450000000003
2019-07-01,3935.81,3779.8160000000003
2019-07-02,3937.17,3807.9149999999995
2019-07-03,3893.53,3834.87
2019-07-04,3873.1,3852.629
2019-07-05,3893.2,3857.0869999999995
2019-07-08,3802.79,3863.013
2019-07-09,3793.13,3859.165
2019-07-10,3786.74,3858.3469999999993
2019-07-11,3785.22,3857.5879999999997
2019-07-12,3808.73,3852.6279999999997
2019-07-15,3824.19,3850.9420000000005
2019-07-16,3806.84,3839.78
2019-07-17,3804.64,3826.7470000000003
2019-07-18,3768.4,3817.858
2019-07-19,3807.96,3807.3880000000004
2019-07-22,3781.68,3798.864
2019-07-23,3789.91,3796.7529999999997
2019-07-24,3819.83,3796.4309999999996
2019-07-25,3851.07,3799.7400000000002
2019-07-26,3858.57,3806.325
2019-07-29,3854.27,3811.3089999999997
2019-07-30,3870.32,3814.317
2019-07-31,3835.36,3820.665
2019-08-01,3803.47,3823.737
2019-08-02,3747.44,3827.244
2019-08-05,3675.69,3821.1920000000005
2019-08-06,3636.33,3810.5930000000008
2019-08-07,3621.43,3795.2350000000006
2019-08-08,3669.29,3775.3949999999995
2019-08-09,3633.53,3757.2169999999996
2019-08-12,3699.1,3734.7129999999997
2019-08-13,3665.75,3719.196
2019-08-14,3682.4,3698.739
2019-08-15,3694.0,3683.443
2019-08-16,3710.54,3672.496
2019-08-19,3791.09,3668.8059999999996
2019-08-20,3787.73,3680.3460000000005
2019-08-21,3781.76,3695.486
2019-08-22,3793.51,3711.5190000000002
2019-08-23,3820.86,3723.9410000000003
2019-08-26,3765.91,3742.674
2019-08-27,3816.95,3749.3550000000005
2019-08-28,3802.58,3764.475
2019-08-29,3790.19,3776.493
2019-08-30,3799.59,3786.112
2019-09-02,3848.32,3795.017
2019-09-03,3853.61,3800.7400000000002
2019-09-04,3886.0,3807.3280000000004
2019-09-05,3925.32,3817.7519999999995
2019-09-06,3948.51,3830.933
2019-09-09,3972.95,3843.6980000000003
2019-09-10,3959.27,3864.4019999999996
2019-09-11,3930.1,3878.6339999999996
2019-09-12,3972.38,3891.3859999999995
2019-09-16,3957.72,3909.6049999999996
2019-09-17,3891.22,3925.418
2019-09-18,3910.08,3929.708
2019-09-19,3924.38,3935.3550000000005
2019-09-20,3935.65,3939.1929999999993
2019-09-23,3890.66,3940.226
2019-09-24,3901.08,3934.4410000000003
2019-09-25,3870.98,3927.254000000001
2019-09-26,3841.14,3918.425
2019-09-27,3852.65,3909.529
2019-09-30,3814.53,3897.5559999999996
2019-10-08,3837.68,3883.237
2019-10-09,3843.24,3877.8830000000003
2019-10-10,3874.64,3871.1989999999996
2019-10-11,3911.73,3866.225
2019-10-14,3953.24,3863.833
2019-10-15,3936.25,3870.0909999999994
2019-10-16,3922.69,3873.608
2019-10-17,3925.22,3878.779
2019-10-18,3869.38,3887.1870000000004
2019-10-21,3880.84,3888.8599999999997
2019-10-22,3895.88,3895.4910000000004
2019-10-23,3871.08,3901.3109999999992
2019-10-24,3870.67,3904.0950000000003
2019-10-25,3896.79,3903.6979999999994
2019-10-28,3926.59,3902.204
2019-10-29,3910.23,3899.5389999999998
2019-10-30,3891.23,3896.9370000000004
2019-10-31,3886.75,3893.791
2019-11-01,3952.39,3889.9440000000004
2019-11-04,3978.12,3898.245
2019-11-05,4002.81,3907.9730000000004
2019-11-06,3984.88,3918.6659999999997
2019-11-07,3991.87,3930.0459999999994
2019-11-08,3973.01,3942.166
2019-11-11,3902.98,3949.7880000000005
2019-11-12,3903.69,3947.4270000000006
2019-11-13,3899.98,3946.773
2019-11-14,3905.86,3947.648
2019-11-15,3877.09,3949.559
2019-11-18,3907.93,3942.0289999999995
2019-11-19,3947.04,3935.0099999999998
2019-11-20,3907.86,3929.433
2019-11-21,3889.6,3921.7309999999998
2019-11-22,3849.99,3911.504
2019-11-25,3878.21,3899.2019999999998
2019-11-26,3891.65,3896.725
2019-11-27,3875.62,3895.5209999999997
2019-11-28,3862.3,3893.0850000000005
2019-11-29,3828.67,3888.7290000000007
2019-12-02,3836.06,3883.887
2019-12-03,3851.09,3876.7
2019-12-04,3849.82,3867.1050000000005
2019-12-05,3879.36,3861.3010000000004
2019-12-06,3902.39,3860.2770000000005
2019-12-09,3895.45,3865.517
2019-12-10,3900.38,3867.2409999999995
2019-12-11,3902.75,3868.113999999999
2019-12-12,3891.02,3870.8269999999998
2019-12-13,3968.22,3873.6989999999996
2019-12-16,3987.55,3887.654
2019-12-17,4041.8,3902.803000000001
2019-12-18,4032.78,3921.8740000000007
2019-12-19,4027.15,3940.1700000000005
2019-12-20,4017.25,3954.9490000000005
2019-12-23,3967.1,3966.435
2019-12-24,3992.96,3973.6
2019-12-25,3990.87,3982.858
2019-12-26,4025.99,3991.6700000000005
2019-12-27,4022.03,4005.167
2019-12-30,4081.63,4010.548
2019-12-31,4096.58,4019.9559999999997
2020-01-02,4152.24,4025.434
2020-01-03,4144.96,4037.3799999999997
2020-01-06,4129.3,4049.161
2020-01-07,4160.23,4060.3660000000004
2020-01-08,4112.32,4079.679000000001
2020-01-09,4164.37,4091.6150000000002
2020-01-10,4163.18,4108.965
2020-01-13,4203.99,4122.683999999999
2020-01-14,4189.89,4140.879999999999
2020-01-15,4166.73,4151.706
2020-01-16,4149.04,4158.721
2020-01-17,4154.85,4158.401
2020-01-20,4185.83,4159.389999999999
2020-01-21,4114.31,4165.043
2020-01-22,4131.93,4160.450999999999
2020-01-23,4003.9,4162.412
2020-02-03,3688.36,4146.365
2020-02-04,3785.64,4098.883000000001
2020-02-05,3828.53,4057.048
2020-02-06,3899.78,4020.9120000000003
2020-02-07,3899.87,3994.2169999999996
2020-02-10,3916.01,3969.3000000000006
2020-02-11,3952.46,3945.416
2020-02-12,3984.43,3922.079
2020-02-13,3959.92,3909.0910000000003
2020-02-14,3987.73,3891.8899999999994
2020-02-17,4077.42,3890.273
2020-02-18,4057.51,3929.179
2020-02-19,4051.31,3956.3660000000004
2020-02-20,4144.66,3978.6439999999993
2020-02-21,4149.49,4003.131999999999
2020-02-24,4132.84,4028.0939999999996
2020-02-25,4123.85,4049.7770000000005
2020-02-26,4073.02,4066.9159999999997
2020-02-27,4084.88,4075.774999999999
2020-02-28,3940.05,4088.2709999999993
2020-03-02,4069.67,4083.5029999999997
2020-03-03,4091.36,4082.728
2020-03-04,4115.05,4086.113
2020-03-05,4206.73,4092.487
2020-03-06,4138.51,4098.694
2020-03-09,3997.13,4097.596
2020-03-10,4082.73,4084.025
2020-03-11,4028.43,4079.9130000000005
2020-03-12,3950.91,4075.454
2020-03-13,3895.31,4062.0569999999993
2020-03-16,3727.84,4057.5829999999996
2020-03-17,3709.68,4023.4
2020-03-18,3636.26,3985.232
2020-03-19,3589.09,3937.353
2020-03-20,3653.22,3875.589
2020-03-23,3530.31,3827.0600000000004
2020-03-24,3625.11,3780.3779999999997
2020-03-25,3722.52,3734.6159999999995
2020-03-26,3698.05,3704.025
2020-03-27,3710.06,3678.739
2020-03-30,3674.11,3660.214
2020-03-31,3686.16,3654.8409999999994
2020-04-01,3675.08,3652.489
2020-04-02,3734.53,3656.3710000000005
2020-04-03,3713.22,3670.915
2020-04-07,3798.02,3676.915
2020-04-08,3780.34,3703.686
2020-04-09,3792.81,3719.209
2020-04-10,3769.18,3726.2380000000003
2020-04-13,3753.26,3733.351
2020-04-14,3825.7,3737.671
2020-04-15,3797.36,3752.8299999999995
2020-04-16,3802.38,3763.95
2020-04-17,3839.49,3776.6799999999994
2020-04-20,3853.46,3787.1759999999995
2020-04-21,3808.05,3801.2
2020-04-22,3839.38,3802.2030000000004
2020-04-23,3829.75,3808.107
2020-04-24,3796.97,3811.8010000000004
2020-04-27,3822.77,3814.5800000000004
2020-04-28,3849.15,3821.531
2020-04-29,3867.03,3823.8759999999993
2020-04-30,3912.58,3830.843
2020-05-06,3936.25,3841.8630000000003
2020-05-07,3924.89,3851.5389999999998
2020-05-08,3963.62,3858.682
2020-05-11,3960.18,3874.239
2020-05-12,3960.24,3886.3190000000004
2020-05-13,3968.25,3899.368
2020-05-14,3925.22,3916.496
2020-05-15,3912.82,3926.7410000000004
2020-05-18,3922.91,3933.108
2020-05-19,3956.25,3938.696000000001
2020-05-20,3935.22,3943.0629999999996
2020-05-21,3913.79,3942.96
2020-05-22,3824.06,3941.85
2020-05-25,3829.32,3927.8939999999993
2020-05-26,3872.77,3914.8079999999995
2020-05-27,3845.61,3906.0609999999992
2020-05-28,3856.63,3893.797
2020-05-29,3867.02,3886.9379999999996
2020-06-01,3971.34,3882.3579999999993
2020-06-02,3983.57,3887.2009999999996
2020-06-03,3983.65,3889.9329999999995
2020-06-04,3982.19,3894.7760000000003
2020-06-05,4001.25,3901.6160000000004
2020-06-08,4021.95,3919.3350000000005
2020-06-09,4047.03,3938.5979999999995
2020-06-10,4039.71,3956.024
2020-06-11,3995.88,3975.4339999999997
2020-06-12,4003.08,3989.3589999999995
2020-06-15,3954.99,4002.965
2020-06-16,4014.57,4001.3299999999995
2020-06-17,4017.59,4004.4300000000003
2020-06-18,4044.38,4007.8240000000005
2020-06-19,4098.71,4014.043
2020-06-22,4102.05,4023.7889999999998
2020-06-23,4121.79,4031.7990000000004
2020-06-24,4138.99,4039.275
2020-06-29,4109.72,4049.203
2020-06-30,4163.96,4060.5870000000004
2020-07-01,4247.78,4076.675
2020-07-02,4335.84,4105.954
2020-07-03,4419.6,4138.081
2020-07-06,4670.09,4178.282
2020-07-07,4698.13,4240.853
2020-07-08,4774.0,4300.794999999999
2020-07-09,4840.77,4367.99
2020-07-10,4753.13,4439.888000000001
2020-07-13,4852.96,4501.302
2020-07-14,4806.69,4575.625999999999
2020-07-15,4744.47,4639.898999999999
2020-07-16,4516.25,4689.568000000001
2020-07-17,4544.7,4707.609
2020-07-20,4680.3,4720.119000000001
2020-07-21,4691.04,4721.140000000001
2020-07-22,4714.45,4720.4310000000005
2020-07-23,4712.44,4714.476000000001
2020-07-24,4505.59,4701.643
2020-07-27,4528.45,4676.889
2020-07-28,4568.26,4644.437999999999
2020-07-29,4679.01,4620.594999999999
2020-07-30,4656.15,4614.049000000001
2020-07-31,4695.05,4628.039
2020-08-03,4771.31,4643.0740000000005
2020-08-04,4775.8,4652.175
2020-08-05,4777.11,4660.651
2020-08-06,4762.76,4666.9169999999995
2020-08-07,4707.93,4671.9490000000005
2020-08-10,4724.87,4692.183
2020-08-11,4681.78,4711.825
2020-08-12,4647.64,4723.177
2020-08-13,4635.71,4720.039999999999
2020-08-14,4704.63,4717.996
2020-08-17,4815.23,4718.954
2020-08-18,4812.76,4723.346
2020-08-19,4740.68,4727.042
2020-08-20,4679.15,4723.399
2020-08-21,4718.84,4715.0380000000005
2020-08-24,4755.85,4716.129000000001
2020-08-25,4761.95,4719.227
2020-08-26,4706.13,4727.244
2020-08-27,4731.35,4733.093
2020-08-28,4844.27,4742.657
2020-08-31,4816.22,4756.620999999999
2020-09-01,4842.12,4756.719999999999
2020-09-02,4843.89,4759.656000000001
2020-09-03,4817.1,4769.977000000001
2020-09-04,4770.22,4783.771999999999
2020-09-07,4669.37,4788.91
2020-09-08,4694.39,4780.262000000001
2020-09-09,4584.59,4773.506
2020-09-10,4581.98,4761.352000000001
2020-09-11,4627.28,4746.414999999999
2020-09-14,4651.05,4724.716
2020-09-15,4688.48,4708.1990000000005
2020-09-16,4657.36,4692.835000000001
2020-09-17,4632.71,4674.182000000001
2020-09-18,4737.09,4655.743
2020-09-21,4691.43,4652.43
2020-09-22,4635.76,4654.6359999999995
2020-09-23,4652.33,4648.773
2020-09-24,4563.07,4655.5470000000005
2020-09-25,4570.02,4653.656
2020-09-28,4581.91,4647.93
2020-09-29,4591.8,4641.0160000000005
2020-09-30,4587.4,4631.348000000001
2020-10-09,4681.14,4624.352000000001
2020-10-12,4823.16,4629.195000000001
2020-10-13,4839.2,4637.802000000001
2020-10-14,4807.1,4652.579
2020-10-15,4798.74,4669.713
2020-10-16,4791.68,4684.353999999999
2020-10-19,4755.49,4707.214999999999
2020-10-20,4793.47,4725.762
2020-10-21,4792.83,4746.918
2020-10-22,4777.98,4767.021000000001
2020-10-23,4718.49,4786.079
2020-10-26,4691.24,4789.813999999999
2020-10-27,4699.28,4776.621999999999
2020-10-28,4737.27,4762.629999999999
2020-10-29,4772.92,4755.647
2020-10-30,4695.33,4753.065
2020-11-02,4720.83,4743.429999999999
2020-11-03,4777.56,4739.964
2020-11-04,4813.66,4738.373
2020-11-05,4885.11,4740.456
2020-11-06,4885.72,4751.169
2020-11-09,4981.35,4767.892
2020-11-10,4953.88,4796.903
2020-11-11,4904.9,4822.362999999999
2020-11-12,4908.46,4839.125999999999
2020-11-13,4856.85,4852.68
2020-11-16,4904.17,4868.831999999999
2020-11-17,4894.79,4887.165999999999
2020-11-18,4891.67,4898.889
2020-11-19,4927.99,4906.6900000000005
2020-11-20,4943.29,4910.977999999999
2020-11-23,5005.03,4916.735
2020-11-24,4974.29,4919.103
2020-11-25,4910.7,4921.143999999999
2020-11-26,4919.59,4921.724
2020-11-27,4980.77,4922.8369999999995
2020-11-30,4960.25,4935.228999999999
2020-12-01,5067.1,4940.8369999999995
2020-12-02,5067.14,4958.068
2020-12-03,5057.06,4975.615
2020-12-04,5065.92,4988.521999999999
2020-12-07,5022.24,5000.785
2020-12-08,5009.88,5002.505999999999
2020-12-09,4942.7,5006.065
2020-12-10,4940.52,5009.264999999999
2020-12-11,4889.63,5011.358
2020-12-14,4934.84,5002.244
2020-12-15,4945.1,4999.7029999999995
2020-12-16,4953.87,4987.503000000001
2020-12-17,5017.48,4976.176
2020-12-18,4999.97,4972.218000000001
2020-12-21,5046.84,4965.623
2020-12-22,4964.77,4968.0830000000005
2020-12-23,5007.12,4963.572
2020-12-24,5000.02,4970.014000000001
2020-12-25,5042.01,4975.964
2020-12-28,5064.41,4991.202000000001
2020-12-29,5042.94,5004.159
2020-12-30,5113.71,5013.943000000001
2020-12-31,5211.29,5029.927
2021-01-04,5267.72,5049.308
2021-01-05,5368.5,5076.0830000000005
2021-01-06,5417.67,5108.249
2021-01-07,5513.66,5153.539
2021-01-08,5495.43,5204.192999999999
2021-01-11,5441.16,5253.734
2021-01-12,5596.35,5293.649
2021-01-13,5577.97,5346.843
2021-01-14,5470.46,5400.346
2021-01-15,5458.08,5436.021
2021-01-18,5518.52,5460.700000000001
2021-01-19,5437.52,5485.780000000001
2021-01-20,5476.43,5492.682000000001
2021-01-21,5564.97,5498.557999999999
2021-01-22,5569.78,5503.689
2021-01-25,5625.92,5511.124000000001
2021-01-26,5512.97,5529.6
2021-01-27,5528.0,5521.262
2021-01-28,5377.14,5516.265000000001
2021-01-29,5351.96,5506.933
2021-02-01,5417.65,5496.321
2021-02-02,5501.09,5486.2339999999995
2021-02-03,5485.2,5492.591
2021-02-04,5473.95,5493.467999999999
2021-02-05,5483.41,5484.366
2021-02-08,5564.56,5475.728999999999
2021-02-09,5686.25,5469.592999999999
2021-02-10,5807.72,5486.921
2021-02-18,5768.38,5514.893000000001
2021-02-19,5778.84,5554.017000000001
2021-02-22,5597.33,5596.705
2021-02-23,5579.67,5614.673000000001
2021-02-24,5437.57,5622.531000000001
2021-02-25,5469.56,5617.768
2021-02-26,5336.76,5617.329
2021-03-01,5418.78,5602.664000000001
2021-03-02,5349.63,5588.086000000001
2021-03-03,5452.21,5554.424
2021-03-04,5280.71,5518.873
2021-03-05,5262.8,5470.106
2021-03-08,5080.02,5418.502
2021-03-09,4971.0,5366.771000000001
2021-03-10,5003.61,5305.904
2021-03-11,5128.22,5262.508
2021-03-12,5146.38,5228.374000000001
2021-03-15,5035.54,5209.336
2021-03-16,5079.36,5171.012
2021-03-17,5100.86,5143.985
2021-03-18,5141.77,5108.85
2021-03-19,5007.09,5094.956
2021-03-22,5057.15,5069.384999999999
2021-03-23,5009.25,5067.098
2021-03-24,4928.69,5070.923000000001
2021-03-25,4926.35,5063.4310000000005
2021-03-26,5037.99,5043.244000000001
2021-03-29,5046.88,5032.405
2021-03-30,5094.73,5033.539
2021-03-31,5048.36,5035.075999999999
2021-04-01,5110.78,5029.825999999999
2021-04-02,5161.56,5026.727000000001
2021-04-06,5140.34,5042.174
2021-04-07,5103.74,5050.4929999999995
2021-04-08,5112.21,5059.941999999999
2021-04-09,5035.34,5078.294
2021-04-12,4947.75,5089.192999999999
2021-04-13,4939.64,5080.169
2021-04-14,4980.63,5069.445
2021-04-15,4948.97,5058.035
2021-04-16,4966.18,5048.096
2021-04-19,5087.02,5033.636
2021-04-20,5083.37,5026.181999999999
2021-04-21,5098.74,5020.4850000000015
2021-04-22,5089.24,5019.985000000001
2021-04-23,5135.45,5017.688
2021-04-26,5077.24,5027.699
2021-04-27,5090.52,5040.647999999999
2021-04-28,5119.24,5055.736
2021-04-29,5164.17,5069.597
2021-04-30,5123.49,5091.116999999999
2021-05-06,5061.12,5106.847999999999
2021-05-07,4996.05,5104.258
2021-05-10,4992.42,5095.526
2021-05-11,5023.06,5084.894
2021-05-12,5044.55,5078.276
2021-05-13,4992.97,5069.186
2021-05-14,5110.59,5060.759
2021-05-17,5184.99,5062.7660000000005
2021-05-18,5187.6,5069.340999999999
2021-05-19,5172.27,5071.683999999999
2021-05-20,5186.41,5076.562
2021-05-21,5134.15,5089.091
2021-05-24,5155.59,5102.901
2021-05-25,5318.48,5119.218000000001
2021-05-26,5320.59,5148.759999999999
2021-05-27,5338.23,5176.364
2021-05-28,5321.09,5210.889999999999
2021-05-31,5331.57,5231.94
2021-06-01,5341.68,5246.598
2021-06-02,5289.97,5262.005999999999
2021-06-03,5255.29,5273.776
2021-06-04,5282.28,5280.664
2021-06-07,5277.63,5295.477
2021-06-08,5232.12,5307.681
2021-06-09,5236.45,5299.045
2021-06-10,5271.47,5290.630999999999
2021-06-11,5224.7,5283.955
2021-06-15,5166.56,5274.316000000001
2021-06-16,5080.49,5257.815
2021-06-17,5101.89,5231.695999999999
2021-06-18,5102.47,5212.888
2021-06-21,5090.39,5197.606
2021-06-22,5122.16,5178.4169999999995
2021-06-23,5147.39,5162.87
2021-06-24,5155.97,5154.397
2021-06-25,5239.97,5146.349
2021-06-28,5251.76,5143.1990000000005
2021-06-29,5190.54,5145.905000000001
2021-06-30,5224.04,5148.303
2021-07-01,5229.66,5162.658
2021-07-02,5081.12,5175.4349999999995
2021-07-05,5085.79,5173.300000000001
2021-07-06,5083.1,5172.84
2021-07-07,5140.49,5168.933999999999
2021-07-08,5088.26,5168.244
2021-07-09,5069.44,5161.473
2021-07-12,5132.71,5144.42
2021-07-13,5142.1,5132.515
2021-07-14,5083.08,5127.671
2021-07-15,5151.46,5113.575
2021-07-16,5094.77,5105.755
2021-07-19,5113.49,5107.12
2021-07-20,5108.99,5109.89
2021-07-21,5144.04,5112.478999999999
2021-07-22,5151.75,5112.834000000001
2021-07-23,5089.23,5119.183
2021-07-26,4925.3,5121.161999999999
2021-07-27,4751.31,5100.421
2021-07-28,4760.48,5061.342
2021-07-29,4850.27,5029.081999999999
2021-07-30,4811.17,4998.963000000001
2021-08-02,4933.74,4970.603
2021-08-03,4934.46,4952.627999999999
2021-08-04,4978.85,4935.175
2021-08-05,4948.67,4918.656
2021-08-06,4921.56,4898.348
2021-08-09,4985.56,4881.581
2021-08-10,5043.15,4887.607
2021-08-11,5015.34,4916.790999999999
2021-08-12,4973.35,4942.277
2021-08-13,4945.98,4954.585
2021-08-16,4941.07,4968.066000000001
2021-08-17,4837.4,4968.799
2021-08-18,4894.24,4959.093
2021-08-19,4862.14,4950.632
2021-08-20,4769.27,4941.979
2021-08-23,4835.88,4926.75
2021-08-24,4888.39,4911.782
2021-08-25,4898.16,4896.305999999999
2021-08-26,4801.61,4884.588000000001
2021-08-27,4827.04,4867.414
2021-08-30,4813.27,4855.52
2021-08-31,4805.61,4842.74
2021-09-01,4869.46,4839.561
2021-09-02,4869.41,4837.0830000000005
2021-09-03,4843.06,4837.8099999999995
2021-09-06,4933.73,4845.189
2021-09-07,4992.83,4854.973999999999
2021-09-08,4972.13,4865.418000000001
2021-09-09,4970.01,4872.8150000000005
2021-09-10,5013.52,4889.655000000001
2021-09-13,4991.66,4908.303
2021-09-14,4917.16,4926.142
2021-09-15,4867.32,4937.2970000000005
2021-09-16,4807.7,4937.083
2021-09-17,4855.94,4930.911999999999
2021-09-22,4821.77,4932.2
2021-09-23,4853.2,4921.004000000001
2021-09-24,4849.43,4907.041
2021-09-27,4877.37,4894.771
2021-09-28,4883.83,4885.5070000000005
2021-09-29,4833.93,4872.5380000000005
2021-09-30,4866.38,4856.765
2021-10-08,4929.94,4851.687
2021-10-11,4936.19,4857.949
2021-10-12,4883.84,4870.798000000001
2021-10-13,4940.11,4873.588000000001
2021-10-14,4913.61,4885.4220000000005
2021-10-15,4932.11,4891.463
2021-10-18,4874.78,4899.731000000001
2021-10-19,4922.72,4899.472
2021-10-20,4910.18,4903.361
2021-10-21,4928.02,4910.986
2021-10-22,4959.73,4917.15
2021-10-25,4979.52,4920.128999999999
2021-10-26,4963.1,4924.4619999999995
2021-10-27,4898.16,4932.388
2021-10-28,4864.14,4928.192999999999
2021-10-29,4908.77,4923.246000000001
2021-11-01,4890.69,4920.912000000001
2021-11-02,4839.85,4922.503
2021-11-03,4821.11,4914.215999999999
2021-11-04,4868.74,4905.309
2021-11-05,4842.35,4899.381
2021-11-08,4848.18,4887.642999999999
2021-11-09,4846.74,4874.509
2021-11-10,4821.19,4862.873
2021-11-11,4898.65,4855.176
2021-11-12,4888.37,4858.627
2021-11-15,4882.38,4856.587
2021-11-16,4883.32,4855.755999999999
2021-11-17,4885.75,4860.103
2021-11-18,4837.62,4866.567000000001
2021-11-19,4890.06,4863.455
2021-11-22,4912.4,4868.226000000001
2021-11-23,4913.35,4874.648
2021-11-24,4916.66,4881.308999999999
2021-11-25,4896.44,4890.856
2021-11-26,4860.13,4890.635
2021-11-29,4851.42,4887.811
2021-11-30,4832.03,4884.714999999999
2021-12-01,4843.85,4879.586
2021-12-02,4856.16,4875.396
2021-12-03,4901.02,4877.25
2021-12-06,4892.62,4878.3460000000005
2021-12-07,4922.1,4876.368
2021-12-08,4995.93,4877.243
2021-12-09,5078.69,4885.17
2021-12-10,5055.12,4903.395
2021-12-13,5083.8,4922.894
2021-12-14,5049.7,4946.1320000000005
2021-12-15,5005.9,4967.899
2021-12-16,5034.73,4984.104
2021-12-17,4954.76,5001.961
2021-12-20,4880.42,5007.335
2021-12-21,4913.49,5006.115
2021-12-22,4914.45,5005.253999999999
2021-12-23,4948.74,4997.105999999999
2021-12-24,4921.34,4984.110999999999
2021-12-27,4919.32,4970.733
2021-12-28,4955.96,4954.285
2021-12-29,4883.48,4944.910999999999
2021-12-30,4921.51,4932.669
2021-12-31,4940.37,4921.347
2022-01-04,4917.77,4919.908
2022-01-05,4868.12,4923.642999999999
2022-01-06,4818.23,4919.106000000001
2022-01-07,4822.37,4909.4839999999995
2022-01-10,4844.05,4896.847
2022-01-11,4797.77,4889.118
2022-01-12,4845.58,4876.963000000001
2022-01-13,4765.92,4865.925
2022-01-14,4726.73,4854.169
2022-01-17,4767.28,4834.690999999999
2022-01-18,4813.35,4817.382
2022-01-19,4780.38,4806.94
2022-01-20,4823.51,4798.165999999999
2022-01-21,4779.31,4798.694
2022-01-24,4786.74,4794.388
2022-01-25,4678.45,4788.657
2022-01-26,4712.31,4776.724999999999
2022-01-27,4619.88,4763.397999999999
2022-01-28,4563.77,4748.794
2022-02-07,4634.09,4732.498
2022-02-08,4608.77,4719.178999999999
2022-02-09,4652.06,4698.7210000000005
2022-02-10,4639.86,4685.889
2022-02-11,4601.4,4667.523999999999
2022-02-14,4551.69,4649.733
2022-02-15,4600.1,4626.228000000001
2022-02-16,4617.99,4618.393
2022-02-17,4629.16,4608.961
2022-02-18,4651.24,4609.889
2022-02-21,4634.31,4618.6359999999995
2022-02-22,4574.15,4618.657999999999
2022-02-23,4623.05,4615.196
2022-02-24,4529.32,4612.295
2022-02-25,4573.42,4601.241
2022-02-28,4581.65,4598.443
2022-03-01,4619.69,4601.438999999999
2022-03-02,4578.6,4603.398
2022-03-03,4551.63,4599.459000000001
2022-03-04,4496.43,4591.706
2022-03-07,4352.78,4576.225
2022-03-08,4265.39,4548.072
2022-03-09,4226.35,4517.196
2022-03-10,4292.84,4477.526
2022-03-11,4306.52,4453.878
2022-03-14,4174.76,4427.188
2022-03-15,3983.81,4386.499000000002
2022-03-16,4156.08,4322.911
2022-03-17,4237.7,4280.659000000001
2022-03-18,4265.9,4249.2660000000005
2022-03-21,4258.75,4226.213
2022-03-22,4255.3,4216.8099999999995
2022-03-23,4276.52,4215.801
2022-03-24,4251.31,4220.818000000001
2022-03-25,4174.57,4216.664999999999
2022-03-28,4148.47,4203.469999999999
2022-03-29,4134.14,4200.840999999999
2022-03-30,4254.1,4215.874000000001
2022-03-31,4222.6,4225.676
2022-04-01,4276.16,4224.166
2022-04-06,4263.84,4225.192
2022-04-07,4209.1,4225.700999999999
2022-04-08,4230.77,4221.081
2022-04-11,4100.07,4216.505999999999
2022-04-12,4179.97,4201.382
2022-04-13,4139.74,4201.9220000000005
2022-04-14,4191.57,4201.049
2022-04-15,4188.75,4206.7919999999995
2022-04-18,4166.38,4200.257
2022-04-19,4134.9,4194.635
2022-04-20,4070.79,4180.509
2022-04-21,3995.83,4161.204000000001
2022-04-22,4013.25,4139.8769999999995
2022-04-25,3814.91,4118.125
2022-04-26,3784.12,4089.6089999999995
2022-04-27,3895.54,4050.024
2022-04-28,3921.11,4025.6040000000003
2022-04-29,4016.24,3998.558
2022-05-05,4010.21,3981.3069999999993
2022-05-06,3908.82,3965.6899999999996
2022-05-09,3877.44,3943.082
2022-05-10,3919.87,3923.7470000000003
2022-05-11,3976.42,3916.1510000000003
2022-05-12,3958.74,3912.468
2022-05-13,3988.6,3926.8509999999997
2022-05-16,3956.54,3947.299
2022-05-17,4005.89,3953.399
2022-05-18,3991.91,3961.8769999999995
2022-05-19,3999.6,3959.4440000000004
2022-05-20,4077.6,3958.3829999999994
2022-05-23,4053.98,3975.2609999999995
2022-05-24,3959.15,3992.915
2022-05-25,3983.18,3996.843
2022-05-26,3993.04,3997.5190000000002
2022-05-27,4001.3,4000.9489999999996
2022-05-30,4029.02,4002.219
2022-05-31,4091.52,4009.4669999999996
2022-06-01,4083.18,4018.0299999999997
2022-06-02,4089.57,4027.157
2022-06-06,4166.09,4036.154
2022-06-07,4179.13,4045.0029999999997
2022-06-08,4219.81,4057.518
2022-06-09,4175.67,4083.584
2022-06-10,4238.99,4102.8330000000005
2022-06-13,4189.35,4127.427999999999
2022-06-14,4222.31,4146.233
2022-06-15,4278.22,4165.562
2022-06-16,4250.06,4184.232
2022-06-17,4309.04,4200.92
2022-06-20,4330.43,4222.867
2022-06-21,4325.57,4239.301
2022-06-22,4270.62,4253.945
2022-06-23,4343.88,4259.026
2022-06-24,4394.77,4275.847
2022-06-27,4444.26,4291.425
2022-06-28,4490.52,4316.916000000001
2022-06-29,4421.36,4343.736999999999
2022-06-30,4485.01,4358.0509999999995
2022-07-01,4466.72,4381.546
2022-07-04,4496.03,4397.314
2022-07-05,4489.54,4413.874000000001
2022-07-06,4423.97,4430.271
2022-07-07,4443.47,4445.606000000001
2022-07-08,4428.78,4455.5650000000005
2022-07-11,4354.62,4458.966
2022-07-12,4313.62,4450.002
2022-07-13,4321.46,4432.312000000001
2022-07-14,4322.07,4422.322
2022-07-15,4248.53,4406.028
2022-07-18,4292.59,4384.209000000001
2022-07-19,4269.34,4363.865
2022-07-20,4283.8,4341.844999999999
2022-07-21,4236.06,4327.8279999999995
2022-07-22,4238.23,4307.0869999999995
2022-07-25,4212.64,4288.031999999999
2022-07-26,4245.98,4273.834
2022-07-27,4225.04,4267.07
2022-07-28,4225.67,4257.427999999999
2022-07-29,4170.1,4247.788
2022-08-01,4188.68,4239.945
2022-08-02,4107.02,4229.553999999999
2022-08-03,4066.98,4213.322
2022-08-04,4101.54,4191.64
2022-08-05,4156.91,4178.188
2022-08-08,4148.07,4170.056
2022-08-09,4156.29,4163.599
2022-08-10,4109.74,4154.63
2022-08-11,4193.54,4143.1
2022-08-12,4191.15,4139.887
2022-08-15,4185.68,4141.992
2022-08-16,4177.84,4141.692
2022-08-17,4216.96,4148.774
2022-08-18,4180.1,4163.771999999999
2022-08-19,4151.07,4171.628
2022-08-22,4181.4,4171.044
2022-08-23,4161.08,4174.377
2022-08-24,4082.42,4174.856000000001
2022-08-25,4116.24,4172.124
2022-08-26,4107.55,4164.393999999999
2022-08-29,4089.52,4156.034000000001
2022-08-30,4075.79,4146.418
2022-08-31,4078.84,4136.213
2022-09-01,4043.74,4122.401000000001
2022-09-02,4023.61,4108.765
2022-09-05,4015.43,4096.018999999999
2022-09-06,4052.28,4079.422
2022-09-07,4054.98,4068.542
2022-09-08,4037.68,4065.7980000000002
2022-09-09,4093.79,4057.9420000000005
2022-09-13,4111.11,4056.566
2022-09-14,4065.36,4058.725
2022-09-15,4027.12,4057.682
2022-09-16,3932.68,4052.5100000000007
2022-09-19,3928.0,4041.404
2022-09-20,3932.84,4031.843
2022-09-21,3903.73,4023.584
2022-09-22,3869.34,4008.7290000000003
2022-09-23,3856.02,3990.1649999999995
2022-09-26,3836.68,3971.999
2022-09-27,3892.3,3946.2879999999996
2022-09-28,3828.71,3924.407
2022-09-29,3827.14,3900.7419999999997
2022-09-30,3804.89,3880.744
2022-10-10,3720.94,3867.965
2022-10-11,3727.69,3847.2590000000005
2022-10-12,3784.31,3826.744
2022-10-13,3752.67,3814.8019999999997
2022-10-14,3842.47,3803.1349999999998
2022-10-17,3846.41,3801.78
2022-10-18,3838.27,3802.7529999999997
2022-10-19,3776.53,3797.3499999999995
2022-10-20,3754.93,3792.131999999999
2022-10-21,3742.89,3784.911
2022-10-24,3633.37,3778.7110000000002
2022-10-25,3627.45,3769.954
2022-10-26,3656.9,3759.9299999999994
2022-10-27,3631.14,3747.189
2022-10-28,3541.33,3735.036
2022-10-31,3508.7,3704.922
2022-11-01,3634.17,3671.1509999999994
2022-11-02,3677.81,3650.7409999999995
2022-11-03,3647.9,3640.8689999999997
2022-11-04,3767.17,3630.166
2022-11-07,3775.3,3632.594
2022-11-08,3749.33,3646.7870000000003
2022-11-09,3714.27,3658.975
2022-11-10,3685.69,3664.7119999999995
2022-11-11,3788.44,3670.167
2022-11-14,3794.02,3694.8780000000006
2022-11-15,3865.97,3723.41
2022-11-16,3834.39,3746.59
2022-11-17,3818.66,3762.2480000000005
2022-11-18,3801.57,3779.3240000000005
2022-11-21,3769.13,3782.764
2022-11-22,3769.57,3782.1469999999995
2022-11-23,3773.53,3784.171
2022-11-24,3756.81,3790.097
2022-11-25,3775.78,3797.209
2022-11-28,3733.24,3795.943
2022-11-29,3848.42,3789.8650000000002
2022-11-30,3853.04,3788.1099999999997
2022-12-01,3894.77,3789.975
2022-12-02,3870.95,3797.5860000000002
2022-12-05,3946.88,3804.524
2022-12-06,3968.2,3822.299
2022-12-07,3958.44,3842.1619999999994
2022-12-08,3959.18,3860.653
2022-12-09,3998.24,3880.8900000000003
2022-12-12,3953.44,3903.1359999999995
2022-12-13,3945.68,3925.1560000000004
2022-12-14,3954.89,3934.882
2022-12-15,3951.99,3945.067
2022-12-16,3954.23,3950.7889999999998
2022-12-19,3893.22,3959.1170000000006
2022-12-20,3829.02,3953.751
2022-12-21,3830.54,3939.8329999999996
2022-12-22,3836.03,3927.043
2022-12-23,3828.22,3914.728
2022-12-26,3843.49,3897.726
2022-12-27,3887.85,3886.7309999999998
2022-12-28,3871.26,3880.9479999999994
2022-12-29,3856.7,3872.585
2022-12-30,3871.63,3863.0559999999996
2023-01-03,3887.9,3854.7959999999994
2023-01-04,3892.95,3854.264
2023-01-05,3968.58,3860.657
2023-01-06,3980.89,3874.4610000000002
2023-01-09,4013.12,3888.947
2023-01-10,4017.47,3907.4370000000004
2023-01-11,4010.03,3924.8350000000005
2023-01-12,4017.87,3937.053
2023-01-13,4074.38,3951.714
2023-01-16,4137.96,3973.482
2023-01-17,4137.24,4000.1149999999993
2023-01-18,4130.31,4025.049
2023-01-19,4156.01,4048.785
2023-01-20,4181.53,4067.528
2023-01-30,4201.35,4087.5919999999996
2023-01-31,4156.86,4106.415
2023-02-01,4195.93,4120.354
2023-02-02,4181.15,4138.944
2023-02-03,4141.63,4155.272
2023-02-06,4086.88,4161.997
2023-02-07,4094.23,4156.889
2023-02-08,4076.14,4152.588000000001
2023-02-09,4130.86,4147.171
2023-02-10,4106.31,4144.656
2023-02-13,4143.57,4137.134
2023-02-14,4145.29,4131.356
2023-02-15,4123.69,4130.1990000000005
2023-02-16,4093.49,4122.975
2023-02-17,4034.51,4114.209000000001
2023-02-20,4133.49,4103.497
2023-02-21,4144.35,4108.158
2023-02-22,4106.95,4113.17
2023-02-23,4103.65,4116.250999999999
2023-02-24,4061.05,4113.53
2023-02-27,4043.84,4109.004
2023-02-28,4069.46,4099.031
2023-03-01,4126.94,4091.4480000000003
2023-03-02,4117.74,4091.773
2023-03-03,4130.55,4094.1979999999994
2023-03-06,4109.01,4103.802
2023-03-07,4048.85,4101.354
2023-03-08,4034.11,4091.804
2023-03-09,4019.85,4084.5200000000004
2023-03-10,3967.14,4076.1400000000003
2023-03-13,4008.69,4066.749
2023-03-14,3984.7,4063.2340000000004
2023-03-15,3986.9,4054.7580000000003
2023-03-16,3939.15,4040.754
2023-03-17,3958.82,4022.8950000000004
2023-03-20,3939.08,4005.722
2023-03-21,3982.38,3988.7290000000003
2023-03-22,3999.44,3982.082
2023-03-23,4039.09,3978.6150000000002
2023-03-24,4027.05,3980.5389999999998
2023-03-27,4012.48,3986.53
2023-03-28,3999.51,3986.9090000000006
2023-03-29,4006.14,3988.3900000000003
2023-03-30,4038.53,3990.314
2023-03-31,4050.93,4000.2519999999995
2023-04-03,4090.57,4009.4630000000006
2023-04-04,4103.11,4024.6119999999996
2023-04-06,4096.64,4036.6850000000004
2023-04-07,4123.28,4046.405
2023-04-10,4104.81,4054.8239999999996
2023-04-11,4100.15,4062.6
2023-04-12,4097.29,4071.3669999999997
2023-04-13,4068.98,4081.1450000000004
2023-04-14,4092.0,4087.429
2023-04-17,4149.38,4092.7760000000003
2023-04-18,4162.03,4102.621
2023-04-19,4124.56,4109.766999999999
2023-04-20,4113.02,4111.911999999999
2023-04-21,4032.57,4113.55
2023-04-24,3982.64,4104.479
2023-04-25,3962.67,4092.262
2023-04-26,3959.23,4078.514
2023-04-27,3988.42,4064.708
2023-04-28,4029.09,4056.6520000000005
2023-05-04,4030.25,4050.361
2023-05-05,4016.88,4038.4479999999994
2023-05-08,4062.66,4023.9329999999995
2023-05-09,4027.88,4017.7429999999995
2023-05-10,3996.87,4009.2290000000003
2023-05-11,3990.66,4005.6590000000006
2023-05-12,3937.76,4006.4610000000002
2023-05-15,3998.89,4003.9700000000003
2023-05-16,3978.21,4007.936
2023-05-17,3960.17,4006.915
2023-05-18,3956.07,4000.0229999999997
2023-05-19,3944.54,3992.6050000000005
2023-05-22,3969.33,3985.371
2023-05-23,3913.19,3976.0380000000005
2023-05-24,3859.09,3964.5690000000004
2023-05-25,3850.5,3950.791
2023-05-26,3850.95,3936.775
2023-05-29,3833.94,3928.094
2023-05-30,3837.75,3911.5990000000006
2023-05-31,3798.54,3897.553
2023-06-01,3806.87,3881.3900000000003
2023-06-02,3861.83,3866.4700000000003
2023-06-05,3844.25,3858.1990000000005
2023-06-06,3808.16,3845.6910000000003
2023-06-07,3789.34,3835.1880000000006
2023-06-08,3820.19,3828.212999999999
2023-06-09,3836.7,3825.1820000000007
2023-06-12,3844.43,3823.757
2023-06-13,3864.91,3824.8059999999996
2023-06-14,3864.02,3827.522
2023-06-15,3925.5,3834.0699999999997
2023-06-16,3963.35,3845.9329999999995
2023-06-19,3930.91,3856.085
2023-06-20,3924.24,3864.7509999999993
2023-06-21,3864.03,3876.3590000000004
2023-06-26,3809.7,3883.828
2023-06-27,3845.43,3882.7789999999995
2023-06-28,3840.8,3883.6519999999996
2023-06-29,3821.84,3883.2889999999998
2023-06-30,3842.45,3878.982000000001
2023-07-03,3892.88,3876.825
2023-07-04,3899.01,3873.5629999999996
2023-07-05,3868.81,3867.129
2023-07-06,3842.75,3860.9190000000003
2023-07-07,3825.7,3852.7699999999995
2023-07-10,3844.33,3848.9369999999994
2023-07-11,3869.49,3852.4
2023-07-12,3843.44,3854.8059999999996
2023-07-13,3898.42,3855.0700000000006
2023-07-14,3899.1,3862.728
2023-07-17,3867.17,3868.393
2023-07-18,3854.94,3865.822
2023-07-19,3850.87,3861.415
2023-07-20,3823.69,3859.6210000000005
2023-07-21,3821.91,3857.715
2023-07-24,3805.22,3857.3360000000002
2023-07-25,3915.12,3853.425
2023-07-26,3907.01,3857.9880000000003
2023-07-27,3902.35,3864.3450000000003
2023-07-28,3992.74,3864.738
2023-07-31,4014.63,3874.102
2023-08-01,3998.0,3888.8479999999995
2023-08-02,3969.9,3903.154
2023-08-03,4004.98,3915.057
2023-08-04,4020.58,3933.186
2023-08-07,3990.15,3953.053000000001
2023-08-08,3979.73,3971.5460000000007
2023-08-09,3967.57,3978.007
2023-08-10,3975.72,3984.0630000000006
2023-08-11,3884.25,3991.4
2023-08-14,3855.91,3980.5510000000004
2023-08-15,3846.54,3964.678999999999
2023-08-16,3818.33,3949.5330000000004
2023-08-17,3831.1,3934.376
2023-08-18,3784.0,3916.988
2023-08-21,3729.56,3893.3299999999995
2023-08-22,3758.23,3867.2709999999997
2023-08-23,3696.63,3845.1210000000005
2023-08-24,3723.43,3818.0269999999996
2023-08-25,3709.15,3792.798
2023-08-28,3752.62,3775.2880000000005
2023-08-29,3790.11,3764.9590000000003
2023-08-30,3788.51,3759.3160000000003
2023-08-31,3765.27,3756.3340000000003
2023-09-01,3791.49,3749.7509999999993
2023-09-04,3848.95,3750.499999999999
2023-09-05,3820.32,3762.439
2023-09-06,3812.03,3768.6479999999997
2023-09-07,3758.47,3780.1879999999996
2023-09-08,3739.99,3783.6920000000005
2023-09-11,3767.54,3786.7760000000003
2023-09-12,3760.6,3788.268
2023-09-13,3736.65,3785.317
2023-09-14,3733.51,3780.131
2023-09-15,3708.78,3776.9550000000004
2023-09-18,3727.71,3768.6839999999997
2023-09-19,3720.5,3756.56
2023-09-20,3705.69,3746.578
2023-09-21,3672.44,3735.9440000000004
2023-09-22,3738.93,3727.3410000000003
2023-09-25,3714.6,3727.2349999999997
2023-09-26,3692.89,3721.941
2023-09-27,3700.5,3715.1699999999996
2023-09-28,3689.52,3711.5550000000003
2023-10-09,3684.73,3707.156
2023-10-10,3657.13,3704.751
2023-10-11,3667.55,3697.693
2023-10-12,3702.38,3692.398
2023-10-13,3663.41,3692.067
2023-10-16,3626.6,3691.1639999999998
2023-10-17,3639.4,3679.9310000000005
2023-10-18,3610.58,3672.411
2023-10-19,3533.54,3664.1800000000003
2023-10-20,3510.59,3647.4840000000004
2023-10-23,3474.24,3629.5910000000003
2023-10-24,3487.13,3608.542
2023-10-25,3504.46,3591.542
2023-10-26,3514.14,3575.233
2023-10-27,3562.39,3556.4089999999997
2023-10-30,3583.77,3546.307
2023-10-31,3572.51,3542.024
2023-11-01,3571.03,3535.335
2023-11-02,3554.19,3531.38
2023-11-03,3584.14,3533.4450000000006
2023-11-06,3632.61,3540.8
2023-11-07,3619.76,3556.6369999999997
2023-11-08,3611.07,3569.9
2023-11-09,3612.83,3580.561
2023-11-10,3586.49,3590.4300000000003
2023-11-13,3579.41,3592.84
2023-11-14,3582.06,3592.4039999999995
2023-11-15,3607.25,3593.3590000000004
2023-11-16,3572.36,3596.9809999999998
2023-11-17,3568.07,3598.798
2023-11-20,3576.32,3597.1910000000003
2023-11-21,3581.07,3591.5620000000004
2023-11-22,3544.42,3587.693
2023-11-23,3561.52,3581.028
2023-11-24,3538.01,3575.8969999999995
2023-11-27,3511.94,3571.049
2023-11-28,3518.52,3564.3020000000006
2023-11-29,3488.31,3557.9479999999994
2023-11-30,3496.2,3546.054
2023-12-01,3482.88,3538.4380000000006
2023-12-04,3460.14,3529.9190000000003
2023-12-05,3394.26,3518.3010000000004
2023-12-06,3399.6,3499.6200000000003
2023-12-07,3391.28,3485.1380000000004
2023-12-08,3399.46,3468.114
2023-12-11,3419.45,3454.2590000000005
2023-12-12,3426.8,3445.0099999999998
2023-12-13,3369.61,3435.8380000000006
2023-12-14,3351.96,3423.968
2023-12-15,3341.55,3409.5440000000003
2023-12-18,3329.37,3395.411
2023-12-19,3334.04,3382.334
2023-12-20,3297.5,3376.3119999999994
2023-12-21,3330.87,3366.1020000000003
2023-12-22,3337.23,3360.061
2023-12-25,3347.45,3353.8379999999997
2023-12-26,3324.79,3346.638
2023-12-27,3336.36,3336.4369999999994
2023-12-28,3414.54,3333.112
2023-12-29,3431.11,3339.37
2024-01-02,3386.35,3348.326
2024-01-03,3378.3,3354.024
2024-01-04,3347.05,3358.45
2024-01-05,3329.11,3363.405
2024-01-08,3286.06,3363.2289999999994
2024-01-09,3292.5,3358.112
2024-01-10,3277.13,3352.6169999999997
2024-01-11,3295.67,3347.851
2024-01-12,3284.17,3343.782
2024-01-15,3280.92,3330.745
2024-01-16,3300.88,3315.7259999999997
2024-01-17,3229.08,3307.179
2024-01-18,3274.73,3292.257
2024-01-19,3269.78,3285.025
2024-01-22,3218.9,3279.0919999999996
2024-01-23,3231.93,3272.376
2024-01-24,3277.11,3266.3190000000004
2024-01-25,3342.92,3266.317
2024-01-26,3333.82,3271.042
2024-01-29,3303.96,3276.007
2024-01-30,3245.04,3278.311
2024-01-31,3215.35,3272.727
2024-02-01,3217.71,3271.3540000000003
2024-02-02,3179.63,3265.6519999999996
2024-02-05,3200.42,3256.6369999999997
2024-02-06,3311.69,3254.7889999999998
2024-02-07,3343.63,3262.765
2024-02-08,3364.93,3269.417
2024-02-19,3403.81,3271.6180000000004
2024-02-20,3410.85,3278.6169999999997
2024-02-21,3456.87,3289.3060000000005
2024-02-22,3486.67,3310.489
2024-02-23,3489.74,3337.621
2024-02-26,3453.36,3364.8239999999996
2024-02-27,3494.79,3392.197
2024-02-28,3450.26,3421.6339999999996
2024-02-29,3516.08,3435.4910000000004
2024-03-01,3537.8,3452.736
2024-03-04,3540.87,3470.023
2024-03-05,3565.51,3483.7290000000003
2024-03-06,3551.05,3499.1949999999997
2024-03-07,3529.72,3508.6130000000003
2024-03-08,3544.91,3512.918
2024-03-11,3589.26,3518.4350000000004
2024-03-12,3597.49,3532.025
2024-03-13,3572.36,3542.2949999999996
2024-03-14,3562.22,3554.505
2024-03-15,3569.99,3559.119
2024-03-18,3603.53,3562.3380000000006
2024-03-19,3577.63,3568.6039999999994
2024-03-20,3585.38,3569.816
2024-03-21,3581.09,3573.249
2024-03-22,3545.0,3578.386
2024-03-25,3525.76,3578.3949999999995
2024-03-26,3543.75,3572.0450000000005
2024-03-27,3502.79,3566.671
2024-03-28,3520.96,3559.714
2024-03-29,3537.48,3555.5880000000006
2024-04-01,3595.65,3552.3370000000004
2024-04-02,3580.68,3551.549
2024-04-03,3567.8,3551.8540000000003
2024-04-08,3536.41,3550.0960000000005
2024-04-09,3533.49,3545.6279999999997
2024-04-10,3504.71,3544.4770000000003
2024-04-11,3504.24,3542.3720000000003
2024-04-12,3475.84,3538.421
2024-04-15,3549.08,3535.7259999999997
2024-04-16,3511.11,3538.5379999999996
2024-04-17,3565.4,3535.9010000000003
2024-04-18,3569.8,3532.876
2024-04-19,3541.66,3531.7880000000005
2024-04-22,3530.9,3529.174
2024-04-23,3506.22,3528.6229999999996
2024-04-24,3521.62,3525.8959999999997
2024-04-25,3530.28,3527.5870000000004
2024-04-26,3584.27,3530.1910000000003
2024-04-29,3623.91,3541.0339999999997
2024-04-30,3604.39,3548.517
2024-05-06,3657.88,3557.8450000000003
2024-05-07,3659.01,3567.093
2024-05-08,3630.22,3576.014
2024-05-09,3664.56,3584.8700000000003
2024-05-10,3666.28,3598.236
2024-05-13,3664.69,3614.2420000000006
2024-05-14,3657.05,3628.549
2024-05-15,3626.06,3641.226
2024-05-16,3640.36,3645.4049999999997
2024-05-17,3677.97,3647.05
2024-05-20,3690.96,3654.4080000000004
2024-05-21,3676.16,3657.7159999999994
2024-05-22,3684.45,3659.4309999999996
2024-05-23,3641.79,3664.8539999999994
2024-05-24,3601.48,3662.577
2024-05-27,3635.71,3656.097
2024-05-28,3609.17,3653.1990000000005
2024-05-29,3613.52,3648.411
2024-05-30,3594.31,3647.157
2024-05-31,3579.92,3642.5519999999997
2024-06-03,3588.75,3632.7470000000003
2024-06-04,3615.67,3622.5260000000003
2024-06-05,3594.79,3616.477
2024-06-06,3592.25,3607.511
2024-06-07,3574.11,3602.557
2024-06-11,3542.88,3599.8199999999997
2024-06-12,3544.12,3590.5369999999994
2024-06-13,3526.13,3584.032
2024-06-14,3541.53,3575.293
2024-06-17,3536.2,3570.0150000000003
2024-06-18,3545.59,3565.642999999999
2024-06-19,3528.75,3561.327
2024-06-20,3503.28,3552.6349999999998
2024-06-21,3495.62,3543.4840000000004
2024-06-24,3476.81,3533.821
2024-06-25,3457.9,3524.0909999999994
2024-06-26,3480.26,3515.593
2024-06-27,3454.12,3509.207000000001
2024-06-28,3461.66,3502.0060000000003
2024-07-01,3478.18,3494.0190000000002
2024-07-02,3471.79,3488.2169999999996
2024-07-03,3463.41,3480.8370000000004
2024-07-04,3445.81,3474.303
2024-07-05,3431.06,3468.5559999999996
2024-07-08,3401.76,3462.1
2024-07-09,3439.81,3454.595
2024-07-10,3428.97,3452.786
2024-07-11,3468.17,3447.657
2024-07-12,3472.4,3449.0620000000004
2024-07-15,3476.25,3450.136
2024-07-16,3498.28,3449.943
2024-07-17,3501.58,3452.5919999999996
2024-07-18,3520.93,3456.4089999999997
2024-07-19,3539.02,3463.921
2024-07-22,3514.92,3474.7169999999996
2024-07-23,3439.88,3486.0330000000004
2024-07-24,3418.17,3486.0399999999995
2024-07-25,3399.27,3484.9600000000005
2024-07-26,3409.29,3478.0699999999997
2024-07-29,3390.74,3471.7590000000005
2024-07-30,3369.38,3463.208
2024-07-31,3442.08,3450.318
2024-08-01,3419.27,3444.368
2024-08-02,3384.39,3434.2019999999998
2024-08-05,3343.32,3418.7390000000005
2024-08-06,3342.98,3401.579
2024-08-07,3341.49,3391.889
2024-08-08,3342.94,3384.221
2024-08-09,3331.63,3378.5879999999997
2024-08-12,3325.86,3370.822
2024-08-13,3334.39,3364.334
2024-08-14,3309.24,3360.835
2024-08-15,3341.95,3347.5509999999995
2024-08-16,3345.63,3339.8189999999995
2024-08-19,3356.97,3335.943
2024-08-20,3332.7,3337.3079999999995
2024-08-21,3321.64,3336.2799999999997
2024-08-22,3313.14,3334.2950000000005
2024-08-23,3327.19,3331.315
2024-08-26,3324.22,3330.871
2024-08-27,3305.33,3330.707
2024-08-28,3286.5,3327.8010000000004
2024-08-29,3277.68,3325.5269999999996
2024-08-30,3321.43,3319.1
2024-09-02,3265.01,3316.6800000000003
2024-09-03,3273.43,3307.4840000000004
2024-09-04,3252.16,3301.557
2024-09-05,3257.76,3294.6089999999995
2024-09-06,3231.35,3289.071
2024-09-09,3192.95,3279.487
2024-09-10,3195.76,3266.3599999999997
2024-09-11,3186.13,3255.403
2024-09-12,3172.47,3245.366
2024-09-13,3159.25,3234.8450000000003
2024-09-18,3171.01,3218.627
2024-09-19,3196.04,3209.2270000000003
2024-09-20,3201.05,3201.4880000000003
2024-09-23,3212.76,3196.377
2024-09-24,3351.91,3191.8769999999995
2024-09-25,3401.53,3203.9330000000004
2024-09-26,3545.32,3224.791
2024-09-27,3703.68,3259.7470000000003
2024-09-30,4017.85,3311.5019999999995
2024-10-08,4256.1,3396.04
2024-10-09,3955.98,3505.725
2024-10-10,3997.79,3584.222
2024-10-11,3887.17,3664.397
2024-10-14,3961.34,3733.0089999999996
2024-10-15,3855.99,3807.8669999999997
2024-10-16,3831.59,3858.275
2024-10-17,3788.22,3901.281
2024-10-18,3925.23,3925.571000000001
2024-10-21,3935.2,3947.726
2024-10-22,3957.78,3939.4610000000002
2024-10-23,3973.21,3909.6289999999995
2024-10-24,3928.83,3911.352
2024-10-25,3956.42,3904.4560000000006
2024-10-28,3964.16,3911.381
2024-10-29,3924.65,3911.6630000000005
2024-10-30,3889.45,3918.529
2024-10-31,3891.04,3924.3149999999996
2024-11-01,3890.02,3934.597
2024-11-04,3944.76,3931.0759999999996
2024-11-05,4044.57,3932.032
2024-11-06,4024.28,3940.7110000000002
2024-11-07,4145.7,3945.818
2024-11-08,4104.05,3967.5049999999997
2024-11-11,4131.13,3982.268
2024-11-12,4085.74,3998.965
2024-11-13,4110.89,4015.0739999999996
2024-11-14,4039.62,4037.218
2024-11-15,3968.83,4052.076
2024-11-18,3950.38,4059.957000000001
2024-11-19,3976.89,4060.5189999999993
2024-11-20,3985.77,4053.751
2024-11-21,3989.3,4049.9
2024-11-22,3865.7,4034.2600000000007
2024-11-25,3848.09,4010.425
2024-11-26,3840.18,3982.1210000000005
2024-11-27,3907.04,3957.565
2024-11-28,3872.55,3937.1800000000003
2024-11-29,3916.58,3920.4730000000004
2024-12-02,3947.63,3915.2480000000005
2024-12-03,3951.89,3914.9729999999995
2024-12-04,3930.56,3912.4729999999995
2024-12-05,3921.59,3906.9519999999998
2024-12-06,3973.14,3900.1809999999996
2024-12-09,3966.57,3910.925
2024-12-10,3995.64,3922.7729999999997
2024-12-11,3988.83,3938.3190000000004
2024-12-12,4028.5,3946.4980000000005
2024-12-13,3933.18,3962.093
2024-12-16,3911.84,3963.7529999999997
2024-12-17,3922.03,3960.1740000000004
2024-12-18,3941.89,3957.1880000000006
2024-12-19,3945.46,3958.321
2024-12-20,3927.74,3960.708
